Provinces.Code,Provinces.Name,Year,NE.GDI.STKB.SNA08.CR,NE.GDI.EXPT.SNA08.CR,NE.GDI.CON.GOVT.SNA08.CR,NE.GDI.FTOT.SNA08.CR,NE.GDI.IMPT.SNA08.CR,NE.GDI.INEX.SNA08.CR,NE.GDI.CON.NPI.SNA08.CR,NE.GDI.CON.PRVT.SNA08.CR,NA.GDP.ACC.FB.SNA08.CR,NA.GDP.AGR.SNA08.CR,NA.GDP.BUSS.SNA08.CR,NA.GDP.CNST.SNA08.CR,NA.GDP.EDUS.SNA08.CR,NA.GDP.ELEC.GAS.SNA08.CR,NA.GDP.FINS.SNA08.CR,NA.GDP.HLTH.SOCW.SNA08.CR,NA.GDP.INF.COMM.SNA08.CR,NA.GDP.MNF.SNA08.CR,NA.GDP.MINQ.SNA08.CR,NA.GDP.SRV.OTHR.SNA08.CR,NA.GDP.PADM.DEF.SNA08.CR,NA.GDP.REST.SNA08.CR,NA.GDP.TRAN.STOR.SNA08.CR,NA.GDP.WTR.WST.SNA08.CR,NA.GDP.TRD.SNA08.CR,IDX.HDI.REV,SL.EMP.AGR.FRST.FSH,SL.EMP.CNST,SL.EMP.ELC,SL.EMP.FINS,SL.EMP.IND,SL.EMP.MINQ,SL.EMP.SOCL,SL.EMP.TRAD,SL.EMP.TRAN,SL.TLF,SI.POV.BPL,SI.POV.NAPR.ZS,NE.GDI.TOTL.SNA08.CR,Population,Jokowi.Vote,Prabowo.Vote
ID.BA,"Bali, Prop.",2013,1909274.667,43810442.07,16611925.76,44931662.75,9897102.724,-34326876.46,1716521.228,69651681.9,28936175.06,20451528.09,1344009.847,13258591.46,6484149.589,175411.5011,5780573.576,2673578.397,7312441.376,8656357.727,1758245.304,2016722.906,6845972.582,5966633.312,11310696.32,262977.8635,11173464.28,72.09,547746,207831,8880,89991,312858,8918,378358,616613,70881,2283896,182800,4.49,134407529.2,4056300,71.42,28.58
ID.BT,"Banten, Prop.",2013,6374382.776,116150173.8,18671954.43,107508901.4,275943614.6,184166870.5,1747946.085,219159467.8,8583557.49,22670344.9,3670999.176,34612026.65,11955549.05,5437893.427,10883255.61,4393351.923,13573105.94,140949165.8,3404621.394,5663981.164,7205515.227,27018145.47,28723897.11,307164.5396,48783507.32,69.47,726880,244250,15500,248908,1187936,49477,794299,1110284,310092,5181796,677500,5.89,377836082.2,11452500,42.9,57.1
ID.BE,"Bengkulu, Prop.",2013,979133.576,4116499.741,7615202.551,16783325.11,451085.3658,-15520973.78,1018276.349,26025111.97,575095.5596,13010666.77,824505.4415,1956285.664,2570449.238,20290.32974,1486749.484,568303.4873,1409316.601,2465648.923,1668425.719,268912.8756,3575367.266,1629535.888,3076030.462,87166.57308,5372739.869,67.5,436481,38407,1354,16817,25570,9881,139328,142658,21552,872233,323500,17.75,40565490.15,1814400,54.73,45.27
ID.YO,"DI Yogyakarta, Prop.",2013,967149.9055,4224511.525,13629833.88,24250704.41,2514539.968,-15192186.45,2457182.394,57101887.22,8284060.734,9449019.719,855439.4095,8060750.466,6816002.086,86394.4779,3170932.673,2094674.426,7572218.883,11563733.76,495039.4671,2147020.188,6702818.703,5815245.075,4783126.517,89645.31777,6938421.017,76.44,531559,104506,5388,54090,251892,9075,375954,487923,65684,1949243,541900,15.03,84924542.92,3594900,55.81,44.19
ID.JK,"DKI Jakarta, Prop.",2013,12030287.1,268096294.2,211344789.3,683692105.4,938237414.8,343984925.7,26804808.83,939160695.7,79798168.64,1628411.962,105903828.3,210869986,79619388.98,5078079.385,162990943.8,25065341.87,115909491.4,209498625.1,4287997.836,52398608.29,89312048.86,98684130.14,44137977.28,653060.7877,261040402.8,78.08,15629,180091,6663,464978,667959,16467,1242735,1645119,428598,5108943,371700,3.72,1546876491,9969900,53.08,46.85
ID.GO,"Gorontalo, Prop.",2013,387165.63,95489.93,5497584.18,6901687.27,633395.22,-3982540.11,145497.63,13717787.55,484247.344,8271861.786,21588.17665,2608107.46,907523.246,10721.38706,847086.5739,769341.3205,570284.6484,887838.7689,305454.5992,386549.0731,2035689.539,413047.7068,1327832.208,10995.6365,2271107.39,64.7,169416,27081,719,8316,35129,13239,90725,78174,36131,478813,198500,18,22129276.86,1098000,36.9,63.1
ID.JA,"Jambi, Prop.",2013,645131.5521,43367283.27,12000226.23,32929971.32,3643584.522,-15556466.83,634696.8683,59598782.59,1320290.385,33312291.61,1422357.279,8818723.764,4427522.721,53259.71436,3255656.697,1222742.687,3992189.737,14489362.89,34000223.75,1184443.853,4520002.379,1939325.044,3787176.46,184011.0404,12046460.47,67.76,735824,60699,1493,21927,52543,26268,212204,233504,52785,1467007,277700,8.41,129976040.5,3268100,50.75,49.25
ID.JR,"Jawa Barat, Prop.",2013,58549693.39,279660307.3,73717544.96,301400003.8,165900803.6,-109524532.2,8518791.375,812568323.8,30027380.08,114042321.7,4873091.868,99103612.36,29595982.53,8783322.221,32408455.16,7194042.844,30268188.4,544183777.9,34829948.32,22320384.69,30242182.04,13739946.85,56700883.1,955503.3262,199720305.3,68.25,3804324,1284643,64189,539379,3935610,140469,3124606,4799189,1039534,20620610,4375200,9.61,1258989329,45340800,40.22,59.78
ID.JT,"Jawa Tengah, Prop.",2013,40831959.55,70362204.89,69299782.96,242163565.8,186800827.7,64518893,9260133.551,520380304.4,24487543.92,131450708.1,2701391.31,83050225.58,33525590.18,768193.3,23426201.34,6489260.4,25807431.64,292260728.2,16069715.58,11812509.47,24638141.85,13319138.86,23658240.7,567119.85,115983876.2,68.02,5173387,966353,20461,314879,3104519,68434,2510143,3694115,617669,17524022,4811300,14.44,830016016.4,33264300,66.65,33.35
ID.JI,"Jawa Timur, Prop.",2013,1383610.228,228013850.9,93232474.47,380563756.1,291795841.8,87316549.3,16870925.55,866916172.6,67904453.43,186038314,10904702.65,127498904.4,37680736.74,5168145.849,36441096.75,8431372.212,66085763.11,397997723,73777251.34,18791280.3,34694829.73,22540310.49,42435216.65,1367522.66,244743874.1,67.55,7411285,1047454,28700,344795,2779265,121951,3037842,4101445,681173,20432453,4893000,12.73,1382501497,38363200,53.17,46.83
ID.KB,"Kalimantan Barat, Prop.",2013,2005730.7,16423867.18,14648322.59,40462608.05,7893150.98,-15795374.34,1376456.02,67412498.73,2711440.669,27012967.6,537078.3763,13588364.98,5267143.695,65547.37503,4278479.542,1771390.814,3920160.789,19379981.26,5966680.44,1221326.627,6882267.995,3654364.416,5000738.354,152397.874,17230627.14,64.3,1256660,114068,3717,27576,72327,89420,258590,292824,57155,2262732,407300,8.74,118640958,4641400,60.38,39.62
ID.KS,"Kalimantan Selatan, Prop.",2013,453136.18,96326550.28,14981234.14,26324827.73,37115585.61,-39064065.52,953862.53,52998241.86,2047349.701,16861732.84,640789.1421,7978245.807,4492696.172,67986.49053,3779127.174,1857877.83,3531831.279,14970914.38,33385624.33,1134888.696,6489928.272,2403478.241,6501454.34,404889.5648,9309387.343,67.17,742454,100531,3803,34452,134013,77655,273583,392182,72140,1900350,184300,4.76,115858201.6,3854500,49.95,50.05
ID.KT,"Kalimantan Tengah, Prop.",2013,700366.75,17283655.34,11907576.72,37036272.09,607337.87,-20021693.58,1039172.69,,1425171.93,18568889.39,29790.86,6475065.621,3610993.245,31728.13408,2665359.486,1300745.377,795256.61,11216082.86,15410385.72,789690.12,4893859.296,1580657.06,4867128.33,66279.30963,8229838.188,67.41,596570,46685,1992,17364,33193,79988,157188,155387,35650,1158834,149400,6.23,47338012.14,2384700,59.79,40.21
ID.KI,"Kalimantan Timur, Prop.",2013,9842941.81,371841805.2,20281615.33,129083647,110413720.4,23332798.23,1766359.98,73396421.73,3423162.877,29348936.23,959042.7206,34863896.08,5293713.514,107495.6435,7409905.057,2028161.383,5185902.648,93315498.55,286637783.2,1961886.086,8859470.964,3868133.786,13392023.77,184953.0637,22291903.29,73.21,431315,115653,5003,61480,86778,158618,308688,347661,88719,1742380,248700,6.38,519131868.9,3242469,63.38,36.62
ID.KU,"Kalimantan Utara, Prop.",2013,889130.7324,11460654.06,5123223.179,15621916.58,1922418.076,11088073.3,390754.8704,9953367.516,681652.312,8594446.898,149759.8517,6018286.958,1097349.577,17934.14604,587999.868,388694.7181,1057025.915,4882368.378,17803228.35,234094.4507,2670622.243,433757.3157,2837927.673,32627.32382,5116926.168,67.99,,,,,,,,,,,,,52604702.15,628331,,
ID.BB,"Kepulauan Bangka-Belitung, Prop.",2013,1157990.225,28047085.4,5249823.866,11172572.02,1146114.538,-20205777.62,,25833873.89,1152121.265,9269573.505,134448.2179,4139266.589,1172218.31,27336.34707,902449.4729,552656.7235,770239.8383,12088177.58,7097643.539,315929.3007,2618022.681,1602869.698,1864593.299,9149.47637,6671668.327,67.92,169680,30550,2030,11279,36525,125026,94717,110589,17217,620270,69400,5.25,50109453.24,1315100,67.26,32.74
ID.KR,"Kepulauan Riau, Prop.",2013,4332825.478,241097321.1,9780476.891,147933949.9,28638303.51,47429312.12,353414.8745,56772721.87,3086309.536,5816517.51,7843.46543,29380038.33,2117871.331,1918467.493,4366636.945,1390847.233,2870445.471,63641751.59,26035580.15,683428.8613,3722466.754,2367493.971,4609383.235,198348.4344,11048141.03,73.02,84322,65461,3456,19822,213961,17057,119846,224798,57350,854150,119100,6.35,479061718.8,1861400,59.63,40.37
ID.LA,"Lampung, Prop.",2013,2012859.494,45331515.08,18426476.9,64815394.91,38414434.86,-15599719.76,2588362.917,125242184,2851517.21,67774668.66,290526.7252,17848072.11,5797982.66,126235.7804,4832132.381,1904552.174,7245352.915,36081678.21,13069360.36,1616495.565,6842595.858,5588979.838,9169874.185,198252.4787,23164361.55,65.73,1794308,148052,5703,51795,289173,13558,449490,600918,118605,3681084,1144800,14.39,204402638.7,7932100,53.07,46.93
ID.MU,"Maluku Utara, Prop.",2013,374073.09,7992282.04,6903319.1,5573409.47,93492.42,-12306000.05,247056.45,12748837.48,93002.54497,5520309.53,67916.77078,1278259.736,706313.7949,9732.16764,631266.1208,425709.5429,758612.3359,1088599.831,2563051.598,157537.1203,3509723.997,23609.03372,1201412.77,17381.85518,3387046.424,64.78,249429,16424,731,3762,9339,15111,80846,54661,24675,472965,85600,7.64,21439485.16,1114900,45.55,54.45
ID.MA,"Maluku, Prop.",2013,281121.89,3605265.32,10831192.56,7996873.24,4019256.36,-9634405.01,606353.45,18167297.01,508887.1674,6962687.665,288889.5384,2016630.398,1465976.056,14780.53764,990397.3312,629841.8357,811606.6222,1464745.697,1028386.538,490657.0852,5881320.623,95157.61747,1442004.358,126973.0089,3615500.021,66.09,290707,27856,2668,8455,20154,9688,120901,84496,37504,668721,315200,19.27,27834442.1,1628400,50.52,49.48
ID.AC,"Nanggroe Aceh Darussalam, Prop.",2013,-37006,10539574,29655933,38965802,1540315,-27023033,1952959,68817214,1290932.092,32254068.15,664725.4413,10396155.28,2279672.433,121834.0979,2106944.371,2784610.131,3921163.34,9759312.008,14745738.47,1409852.228,8844477.831,3856064.215,9345929.37,35739.76292,17513910.42,68.3,860231,106820,4810,23079,74656,13692,381038,313745,64600,2050076,856900,17.72,121331128,4811100,45.61,54.39
ID.NB,"Nusa Tenggara Barat, Prop.",2013,-350108.1,4967320.33,11658708.8,28720190.83,2968077.19,-26182634.03,1130008.12,56643475.61,1588124.849,17539822.02,132743.4674,6774549.114,3710477.664,37291.1132,2478208.26,1464988.549,1557688.702,3601137.196,9836268.4,1591476.034,4922242.576,2472529.123,5804542.372,71988.63543,10034806.29,63.76,920401,108364,1556,30982,163533,34182,317354,383756,72154,2146002,815500,17.25,73618884.37,4710800,27.55,72.45
ID.NT,"Nusa Tenggara Timur, Prop.",2013,1164331.69,1196293.97,17083005.23,20620336.28,923528.5,-27025557.01,1868304.92,47342068.61,367820.1253,18272822.42,188486.7288,6344807.887,5679554.084,23569.5058,2389329.023,1279704.261,4660243.399,758818.343,894151.9439,1361280.871,7592137.263,1705495.175,3195324.769,41817.67797,6569891.713,61.68,1284591,76341,3734,22371,150998,23052,273621,165532,104267,2175171,1006900,20.24,61325255.19,4954000,65.92,34.08
ID.IB,"Papua Barat, Prop.",2013,-1165491.05,36886705.96,10296201.4,10193499.1,748409.9,-16290788.62,450181.03,13375761.35,286923.5113,5557691.48,54067.25888,6282087.562,1170071.555,14422.58336,761132.4593,384482.8789,744458.0978,16049531.2,12262098.55,140906.3641,4633717.519,550588.603,1171890.254,53917.16789,2879672.239,60.91,177117,12955,912,4236,12971,9529,70614,51741,19452,376081,226200,27.14,52997659.27,828300,67.63,32.37
ID.PA,"Papua, Prop.",2013,335757.67,30253202.74,26176235.14,36340091.4,6744351.55,-22990112.04,385939.43,57323963.55,876157.3135,15595371.37,1434929.238,13173857.79,2423667.849,31822.61698,2090182.805,1849261.494,4359672.734,2589377.976,48255375.31,1275138.355,10095516.88,3159759.563,5808798.236,71804.17363,9766476.768,56.25,1140787,32757,1125,17132,21496,23883,156594,113899,52002,1610484,960600,31.52,121080726.3,3032500,72.49,27.51
ID.RI,"Riau, Prop.",2013,35401415.82,116659959.8,21227801.18,66677020.53,138744160.2,16744679.35,2258190.928,171473395,2356064.51,115444555,23423.17642,38268199.73,2271815.232,180354.1495,4925502.08,787618.6531,3148729.425,124879976.6,256395342.8,1870646.387,8777008.163,4057173.27,3760843.722,62198.05603,40288998.8,69.91,1106544,135356,6700,63209,159070,43438,380519,493755,90902,2623310,511500,8.42,291698302.3,6033300,49.88,50.12
ID.SR,"Sulawesi Barat, Prop.",2013,257953.03,20890.76,4694733.05,7152158.73,18708.96,-1071786.09,199812.8,14014432.23,62149.69259,10676422.71,20365.03,1986633.31,1335863.235,10212.43373,553005.3802,518642.21,999395.14,2064862.474,518685.62,452378.84,2180766.47,759167.16,390281.33,42955.31,2677699.21,61.53,314096,24298,694,6756,24965,4740,77844,74789,17256,558574,151700,12.23,25249485.55,1234300,73.37,45.27
ID.SE,"Sulawesi Selatan, Prop.",2013,4419977.7,18749514.62,28718940.13,94883695.03,15332777.85,-22329424.51,3083417.19,146643073.9,3563976.612,57367113.52,1147886.24,31516195.99,13885863.23,177425.6045,9597102.243,4682428.78,13785116.94,35486786.72,17883290.82,3184441.75,12240136.55,9903932.866,10426497.38,354755.4789,33633465.47,67.92,1473322,196241,8423,73290,200084,22450,611494,618379,172866,3558183,863200,10.32,258836416.2,8342000,71.43,28.57
ID.ST,"Sulawesi Tengah, Prop.",2013,1657125.05,6342847.58,11783906.76,31553283.28,539993.5,-16388777.25,1446222.49,43987610.28,447055.126,27434882.5,220231.9459,8879516.012,3403974.817,28054.942,1959190.958,1148236.618,2731960.945,4528057.881,10492381.94,708873.2861,5245310.346,1577257.51,3351194.734,115524.7999,7570520.337,65.79,616499,65740,3669,18263,62348,21307,230477,176118,44701,1293332,400400,14.32,79842224.69,2785500,54.83,45.17
ID.SG,"Sulawesi Tenggara, Prop.",2013,292422.7,10531944.6,10897203.38,25473913.52,7067260.68,-6335197.32,758967.94,36489259.48,404096.4305,18095983.92,136981.1595,8329077.351,3020320.622,25319.76832,1601078.139,662907.1394,1451309.477,4181864.039,15582057.71,944613.6272,4035943.632,1194101.814,3160530.125,138821.8653,8076246.798,67.55,417001,54224,2555,15886,56921,30237,190168,181798,48441,1042947,330800,13.73,71041253.62,2396700,54.9,45.1
ID.SW,"Sulawesi Utara, Prop.",2013,56091.88,10481910.34,12349804.59,24452333.47,2588037.1,-7924681.32,1488735.07,32781303.72,1458840.055,15791585.71,57998.59,8449421.856,1983496.677,53060.93327,2772589.924,2588543.41,2755362.85,7267615.14,3511840.276,1125680.21,5690047.527,2489009.89,6148888.223,101634.06,8851845.33,69.49,333103,74315,3458,31040,52064,23402,184703,190921,72451,1035772,201100,8.5,71097460.65,2360400,53.88,46.12
ID.SB,"Sumatera Barat, Prop.",2013,767315.3872,21012073.65,19683675.57,43708931.99,12262950.71,-7854494.412,1579736.976,80265541.43,1570829.712,36256489.98,626817.0159,12884434.91,5418348.469,91668.46135,4633408.714,1969005.916,7731431.563,16185516.3,6756659.553,2373483.67,9244650.323,2836591.67,16493495.7,130186.2966,21696811.64,68.91,817903,100933,4837,43177,132286,36004,354369,472804,98796,2216687,384100,7.56,146899829.9,5066500,23.08,76.92
ID.SL,"Sumatera Selatan, Prop.",2013,1240029.226,43160760.98,22542613.64,115563405.9,8166713.398,-86041464.31,,188289444.9,3312413,52145884.76,291218,35535704,6860066.754,189508.4965,7254130.927,1616656,6710357,48087170.42,70029976,2077271,9054025,6762173,4951709.774,258843,25211357,66.16,1933891,134602,6815,79095,171486,52693,473733,544772,127796,3704132,1104600,14.06,276588076.9,7828700,48.74,51.26
ID.SU,"Sumatera Utara, Prop.",2013,7728374.688,105269291.3,37523215.11,150091474.8,63840801.69,,4675824.112,251415642.8,10598775.3,115190245.9,4224044.034,60232621.43,8848513.709,597739.0629,15738018.98,4020161.926,9594390.249,93241472.51,6581443.683,2332953.29,16427959.71,20078791.23,22990245.2,441815.9847,78324823.36,68.36,2656799,399846,20396,129698,428182,37545,979289,1151357,278189,6500750,1416400,10.39,492863021.1,13590300,55.24,44.76
ID.BA,"Bali, Prop.",2017,651026.9144,88965187.76,23458906.48,69011131.8,20686758.94,-48469467.5,2580413.922,99850478.79,50241066.72,30901942.31,2278921.697,19015609.21,11055165.8,518453.0958,8562609.984,4633139.262,11058762.74,13024020.26,2108907.834,3346710.233,10928089.83,8395740.448,20360284.2,388498.7654,18542996.82,74.3,466307,179134,6248,99784,341221,6536,444422,760093,94562,2434450,180130,4.25,215360919.2,4246500,91.68,8.32
ID.BT,"Banten, Prop.",2017,92534.84709,154199520.2,24364094.2,172683580.8,289192169.2,206395736,2541388.821,293344470.6,13555949.18,33134032.93,6089851.181,58783015.08,18784754.34,11970572.11,17026973.66,6672029.307,20562881.86,179959881,4146089.955,9062784.773,11449005.99,41871632.74,61322517.52,449423.1657,69587761.51,71.42,675738,285594,20871,332922,1246230,37392,900185,1203637,374831,5596963,675040,5.45,564429156.3,12448200,38.47,61.53
ID.BE,"Bengkulu, Prop.",2017,1196730.424,3679010.061,12039338.46,24926493.24,389884.5168,-21543556.98,1450489.82,39317057.57,1018518.757,17729634.69,1342388.499,3043964.923,3866859.08,53392.40538,2030969.053,1003471.37,2158530.198,3741174.619,2156619.136,492399.963,5965589.211,2386101.85,4869003.024,118052.1017,8699009.185,69.95,458715,53292,2333,16335,48474,13731,155059,159496,25541,969255,316980,16.45,60675678.07,1934300,49.89,50.11
ID.YO,"DI Yogyakarta, Prop.",2017,1368183.981,7436958.648,20063071.64,37147935.81,6540718.616,-25717207.97,3756395.316,81658286.75,12304098.92,11933401.17,1207969.84,11303629.76,9711307.998,173689.0036,4640943.468,3004111.746,9789585.661,15636602.78,615943.0358,3109029.298,10213350.45,8382668.324,6783680.793,121272.243,10241621.07,78.89,451861,153306,3446,78872,325061,15199,397658,553726,74039,2117187,488530,13.02,119172905.6,3762200,69.03,30.97
ID.JK,"DKI Jakarta, Prop.",2017,42629221.43,342673829.2,305254592.6,944353381.4,1108533158,399729133.7,47743913.85,1436522490,117178064.6,2060960.008,183376545.9,308836860.7,131358936.4,7449251.174,248212688.1,40465406.18,181831459.7,323932117.2,5746495.711,91508558.33,125292224.1,147629158.2,85669282.76,838065.891,408987328.8,80.06,16518,187206,18423,467707,587752,14520,1214689,1518258,484098,4856116,389690,3.77,2410373404,10374200,51.68,48.32
ID.GO,"Gorontalo, Prop.",2017,787446.45,76163.15,7800931.59,10309595.84,135334.56,-5760279.242,246465.83,21222572.37,815606.7672,13130023.31,33451.91076,3978864.948,1442742.26,15798.61587,1493396.781,1217051.479,921965.4064,1413091.375,399979.4987,540402.8284,2427466.579,661579.574,2093037.283,19934.61641,3943168.193,67.01,173899,36019,2423,9383,41673,12252,111233,99170,38264,547766,205370,17.65,34547561.43,1168200,51.72,48.28
ID.JA,"Jambi, Prop.",2017,988599.8041,34803757.58,15156694.27,42661946.78,1365508.299,12800949.54,950361.9877,85101910.36,2293922.91,56199421.23,2296950.139,13307998.99,6309033.749,121088.7497,4676212.588,2091757.634,7394248.23,19638552.1,33741825.1,1834905.608,8563088.318,2968967.106,6231195.549,265026.4132,23164517.61,69.99,805086,84386,5639,24802,74317,34537,273880,293101,62069,1724633,286550,8.19,191098712,3515000,41.68,58.32
ID.JR,"Jawa Barat, Prop.",2017,68968719.02,395218647.1,108388220.2,449337046.8,196720185.7,-224186599.4,10545720.35,1174540809,48395131.81,153693121.8,7339111.19,147554690.7,51393975.37,10855233.28,50121391.69,13472969.02,51845066.83,755387256,25481689.61,36816024.21,40220226.1,18659369.94,103491293.5,1588061.372,269777764.6,70.69,3082506,1542800,79306,843532,4185500,135123,3504281,5943425,1235102,22391003,4168440,8.71,1786092377,48037600,40.07,59.93
ID.JT,"Jawa Tengah, Prop.",2017,11675978.75,109892853,93714397.36,366766466.2,178896538,49996232.81,13193406.66,720706017.9,38018637.91,167246888.5,4465105.77,122936709.2,52021560.6,1128081.56,35219062.58,10359902.3,39125734.83,414988825.6,30022899.03,18436729.18,33086004.97,19836974.59,38027794.34,711016.74,161416887.1,70.52,4323993,1493314,47987,419244,3563275,120541,2479523,4125776,613021,18010612,4450720,13.01,1187048815,34257900,77.28,22.72
ID.JI,"Jawa Timur, Prop.",2017,25943943.62,284943734.8,112896169.7,568532980.4,353173693.2,162489451.3,23402022.1,1194165047,116058304.7,258428125.3,16255926.3,197698975.3,52974117.8,6675156.5,55033092.6,12611730.5,92928657.6,586258573.7,80846176.3,27395134.23,45740719.7,32080244.5,69176354.3,1853132.2,367185234.7,70.27,6713893,1423169,55908,503394,3016837,158435,2947210,4580393,699981,20937716,4617010,11.77,2019199656,39293000,65.78,34.22
ID.KB,"Kalimantan Barat, Prop.",2017,731363.439,14130258.85,20593759.26,59823307.02,10313262.64,-5973939.7,2046937.829,96507670.03,4103381.073,36018384.12,782984.7938,22712980.68,7122919.228,180846.8589,6546737.225,2480086.518,6615265.483,28769264.24,9582723.216,1737715.755,12311847.07,5107789.618,8105868.689,205104.9475,25084694.55,66.26,1192196,144758,9612,41164,127325,35799,323228,362134,66982,2408259,387430,7.88,177546094.1,4932500,57.5,42.5
ID.KS,"Kalimantan Selatan, Prop.",2017,359120.3113,103403442.9,19766449.77,37083853.65,20353571.57,-56870029.67,1567294.397,74637291.49,3143536.274,23291701.25,1053373.87,12777199.13,7309943.366,206910.3557,5738713.606,3078924.325,5535375.123,22958819.97,33117789.33,1941256.779,9485821.333,3524629.593,10338601.11,645162.4421,15446093.39,69.65,672550,95361,8335,46542,157649,78042,345472,475064,96146,2074117,193920,4.73,159593851.2,4119800,35.92,64.08
ID.KT,"Kalimantan Tengah, Prop.",2017,1436556.837,24121194.95,17600798.98,55934327.53,1159996.246,-25561695.27,1654516.59,,2407638.946,26121331.91,48483.53748,12344271.44,5777338.292,98174.00991,4133658.676,2386017.747,1208402.135,21038411.05,14432984.63,1292811.641,7819788.888,2679310.796,8854301.693,114563.4095,15418578.36,69.79,490488,78512,4473,20288,53360,77539,218415,240396,39236,1276669,139160,5.37,74025703.36,2605300,60.73,39.27
ID.KI,"Kalimantan Timur, Prop.",2017,1757926.22,240954921,20862788.97,155808229.6,69188554.16,142393061.9,2629573.96,97284575.47,5489501.109,47145758.14,1215392.083,47802418.06,9181817.678,280204.2817,9052238.767,3506038.883,7440259.589,112988763.4,274361569,3679935.524,12051965.78,5218431.373,21437051.45,275207.31,31375970.53,75.12,328448,83247,6601,66583,96378,125663,356745,388637,88373,1654964,220170,6.19,592502522.9,3575400,55.71,44.29
ID.KU,"Kalimantan Utara, Prop.",2017,365231.4973,13886789.73,6094828.227,26141322.79,1341250.648,17913525.99,615162.6546,13730850.94,1203385.257,12634517.12,190533.2487,9640906.452,1922455.171,41169.44834,884411.8731,795767.0285,1752517.873,7728306.149,21195320.52,511298.4033,4044158.407,608950.7902,5411394.637,48575.27873,8792793.519,69.84,83407,18266,1925,9752,23877,8879,81992,66586,17732,330731,49470,7.22,77406461.18,691100,70.04,29.96
ID.BB,"Kepulauan Bangka-Belitung, Prop.",2017,769743.0081,23091571.42,7944682.218,18217962.88,1751978.574,-19078374.32,,40284283.09,1735578.863,13145567.54,196753.1689,6381386.178,1961729.138,79429.66534,1280632.264,846054.9782,1135349.462,14276471.09,8179210.849,548547.6993,4116313.495,2284221.237,2900091.286,15040.66406,10890854.91,69.99,219002,35520,2502,11856,42623,91438,118203,134065,17409,699017,74090,5.2,69477889.73,1430900,63.23,36.77
ID.KR,"Kepulauan Riau, Prop.",2017,379435.2496,210781161.4,14923063.75,238512077.8,36341683.94,-3929719.087,556521.4654,92526918.7,5061473.369,7940936.152,11661.95467,41409192.35,3428414.828,2689974.524,6269835.527,2119212.961,4575789.723,84434954.91,33209784.23,1075073.684,5973809.789,3518734.091,7507030.046,284133.721,20233105.04,74.45,78782,90041,5951,39226,191572,8773,190602,235539,56445,966091,125370,6.06,517407775.3,2082700,54.19,45.81
ID.LA,"Lampung, Prop.",2017,1364768.993,52942838.91,26514473.4,97348645.01,38028658.36,-19122471.78,4539285.46,182892101.4,4747519.141,93766765.8,481751.148,28636024.04,8564266.78,484505.19,6759140.72,2912137.858,12019946.02,58322273.25,17324762.49,2768352.681,10759521.27,9182420.752,16181628.55,325584.158,35214383.17,68.25,1790035,243393,10550,68566,306052,23806,511404,756930,185494,4072487,1131730,13.69,308450983,8289600,59.34,40.66
ID.MU,"Maluku Utara, Prop.",2017,-540594.01,4089115.28,11002608.12,9822582.94,2312530.83,-8276658.87,383530.12,18104518.8,149195.2167,7728310.121,102175.3265,2137511.884,1178353.729,32445.63405,1011074.218,662601.1108,1179110.63,2075988.605,2963290.985,247454.6778,5102909.686,36984.93263,2018992.493,25600.31481,5620571.985,67.2,199027,29793,855,10184,34058,14444,106991,63898,29465,516231,76470,6.35,32272571.55,1209300,47.39,52.61
ID.MA,"Maluku, Prop.",2017,212602.35,3893887.72,17083589.97,12125579.83,6039005.44,-17993059.11,925819.91,29669369.59,683765.1935,9491966.118,396789.3844,3008592.5,2301862.637,38131.584,1499533.965,862188.2313,1223991.39,2125089.216,912832.0555,665651.6078,8873087.427,123362.6031,2080085.721,169570.3756,5422284.822,68.19,240829,33791,3859,8715,51656,9081,152709,98884,42537,707796,320510,18.45,39878784.82,1744700,46.88,53.12
ID.AC,"Nanggroe Aceh Darussalam, Prop.",2017,-124116,2154062,35774029,54247424,2538525,-37909177,3113921,91765735,2223649.59,43404302.41,904305.0411,13767713.86,3787330.792,193201.5914,2933815.872,3854998.617,4353795.377,7533238.21,6798255.785,2033529.863,14628140.26,5973403.116,10189721.49,62505.98305,23841445,70.6,831142,160472,7533,34992,146960,17363,487508,367096,85446,2288777,872610,16.89,146483353,5189500,14.41,85.59
ID.NB,"Nusa Tenggara Barat, Prop.",2017,993753.9547,17526278.73,19727376.63,44028474.48,3903925.768,-31575206.73,1810761.59,75319385.16,2826850.277,27230174.64,211104.152,10987929.08,5680642.629,91000,4257336.431,2184443.826,2303211.26,4909792.542,24108618.77,2459700.463,7437794.894,3834423.237,8917868.51,105618.751,16380764.71,66.58,829637,171694,6793,37474,272857,31176,363364,514871,88854,2396169,793780,16.07,123926898,4955600,32.11,67.89
ID.NT,"Nusa Tenggara Timur, Prop.",2017,571030.4654,2282868.313,27194486.11,38685564.62,1101702.558,-46100563.73,2920513.836,66707542.95,675948.7433,26183603.38,279075.041,9787048.849,8917404.592,66388.98066,3726411.783,1941036.821,6194544.615,1147211.204,1186098.584,1945361.26,11697015.52,2347678.811,4942877.311,50483.47117,10071551.05,63.73,1271534,97965,6173,35197,205314,25686,338618,237329,102245,2398609,1150790,21.85,91159740.01,5287300,88.57,11.43
ID.IB,"Papua Barat, Prop.",2017,3934345.65,26289317.15,16006441.97,15472554.28,1290132.19,-9854018.058,746420.96,20483626.43,462923.8165,7850363.236,83629.82691,11225990.19,1754526.851,31276.99019,1128157.896,575203.6005,1176689.661,18618954.65,12893125.02,211211.3762,7712897.073,918123.0552,2124596.984,75897.71293,4944988.254,62.99,141927,23483,2519,10280,21771,10002,95068,71200,26276,430478,228380,25.1,71788556.19,915400,79.81,20.19
ID.PA,"Papua, Prop.",2017,7047414,34829844.89,39259979.87,56543197.71,7497949.78,-16045801.18,521097.63,87903533.79,1517698.455,22277435.07,2155154.255,24756192.32,3497704.578,68930.48144,2915295.346,2948336.771,7045765.519,3972040.028,69118562.72,1939714.792,17191351.07,4977634.395,10004119.5,99586.53803,17129885.12,59.09,1163328,41363,1632,17267,37917,16773,231233,136261,53297,1762841,897690,27.62,202561316.9,3265200,77.39,22.61
ID.RI,"Riau, Prop.",2017,5056471.013,210750679.2,28775183.52,98120452.67,183584235,-3522466.564,3415547.123,259002304.1,3816223.024,166772360.9,38026.92659,61696535.1,3647669.954,443603.365,6254327.994,1314852.66,4753081.234,178589423.7,182967669.8,3480268.463,10665028.47,6085292.221,6039477.456,80953.91613,69033799.15,71.79,1112332,154491,5303,72033,182472,28947,499290,609413,116740,2965585,514620,7.78,418013936,6657900,38.84,61.16
ID.SR,"Sulawesi Barat, Prop.",2017,148717.16,5215496.41,7403804.45,12201830.46,236748.32,-5509917.44,297637.36,20097150.64,90796.57547,16454972.08,27448.46179,3236316.35,1993999.455,15435.26906,880062.5763,780609.8139,1569119.293,3991885.558,896073.678,716025.6848,3189099.87,1055619.593,555732.1497,58456.1641,4106318.149,64.3,299957,39795,304,5948,41717,5953,97660,83246,20424,614748,149760,11.3,39617970.72,1331000,64.32,35.68
ID.SE,"Sulawesi Selatan, Prop.",2017,2937295.99,16677597.96,39208129.06,157068875.5,17802331.06,-9672257.856,5109718.09,225404554.6,5696245.971,95895428.2,1845249.989,53386349.75,21756446.2,268705.5195,15797237.2,8188614.566,19933014.1,57449330.34,22474976.66,5567574.034,18194823.09,16151288.36,17514084.49,430766.1705,58381447.64,70.34,1391639,232673,14545,71009,262936,28715,652899,766755,177492,3812358,813070,9.38,418931582.3,8690300,40.73,59.27
ID.ST,"Sulawesi Tengah, Prop.",2017,4276443.78,41281733.45,17041339.44,55252141.67,12536898.61,-40028549.16,2423514.46,66440683.51,719143.1166,38818219.41,335074.6847,16785470.52,5165474.615,44075.81675,3160666.889,1818779.496,4291036.043,16570871,17229245.7,1176588.14,8290805.077,2455786.107,5206624.289,176594.1726,11998953.46,68.11,608746,83518,2983,20905,86986,30491,277670,218002,44913,1428583,417870,14.14,134150408.5,2966300,56.41,43.59
ID.SG,"Sulawesi Tenggara, Prop.",2017,993633.39,5419280.78,15514665.58,42983469.26,10669312.57,-1152652.459,1099783.32,53276332.03,640977.7026,25876884.36,219352.8381,14345870.82,4875374.77,44782.17808,2629875.577,972075.2491,1984437.868,6592342.702,22227420.3,1395848.794,5532160.481,1601738.051,4849621.154,194812.665,13481623.82,69.86,430346,75254,5191,23806,98330,22479,242184,222351,41033,1200605,331710,12.81,107465199.3,2602400,39.75,60.25
ID.SW,"Sulawesi Utara, Prop.",2017,9700.15,16109238.12,19275964.48,38425306.05,4495775.28,-10761892.12,2262669.19,49339270.52,2445734.35,23704396.53,102183.1235,12647445.07,3020930.739,104621.6838,4420944.335,3835444.744,4322097.968,10310606.39,5329459.479,1719995.009,8924535.504,3799342.648,11974627.27,135448.3618,13366667.92,71.66,264679,94604,4872,35873,82781,23140,225694,231717,77466,1121309,198880,8.1,110164481.1,2461000,77.23,22.77
ID.SB,"Sumatera Barat, Prop.",2017,326555.7187,27071812.64,27200850.46,64223595.29,7348293.957,-11796455.65,2255478.268,112651686.5,2906759.461,50541605.83,922959.073,20008574.41,8854791.458,240385.5329,6627783.017,2856972.063,11331134.64,20835234.5,9132512.22,3944582.99,12543702.46,4219482.99,27131111.32,197019.6001,32290617.7,71.24,824649,137608,8750,45997,199994,37611,421121,572835,96407,2483675,364510,6.87,214585229.3,5321500,14.08,85.92
ID.SL,"Sumatera Selatan, Prop.",2017,-287290.9868,59586012.93,30516769.09,147794042.1,9754956.893,-105581413.4,,255796798.4,6263417.704,60861880.89,459951.0803,50682608.24,9463365.761,493322.7989,10081685.97,2365738.744,10627817.85,74900283.96,73245218.87,2794956.266,12090521.83,11596643.56,8854638.347,444863.5991,48531686.84,68.86,1902120,191045,8933,65141,279370,51348,616883,672728,154966,4123669,1086920,13.19,378069961.3,8267000,40.3,59.7
ID.SU,"Sumatera Utara, Prop.",2017,8053874.565,132941643.5,51843679.31,213362357.9,72249263.83,,6058240.695,364082119.1,16330132.59,146366367.8,7089625.542,92589579.21,12443052.28,788339.8115,21729043.62,6453788.442,13582774.21,138823782.9,8870347.563,3962864.226,24023926.92,33387320.22,34277079.6,766836.4865,122584627.1,70.57,2388570,341769,21095,157489,574570,40276,1098863,1410559,332798,6743277,1453870,10.22,704092651.3,14262100,61.52,38.48
