﻿Code,Indicator Name,Source
TRAD.EXPT.OLFTW,"Export: Animals and vegetable oil, fat and waxes (province Level, in USD)","BADAN PUSAT STATISTIK - Statistics Indonesia, Unpublished statistics on Sub-National Trade"
TRAD.EXPT.BVTO,"Export: Beverages and tobacco (province Level, in USD)","BADAN PUSAT STATISTIK - Statistics Indonesia, Unpublished statistics on Sub-National Trade"
TRAD.EXPT.CHEM,"Export: Chemical and related products, nes (province Level, in USD)","BADAN PUSAT STATISTIK - Statistics Indonesia, Unpublished statistics on Sub-National Trade"
TRAD.EXPT.OTHR,"Export: Commodities and transaction not elsewhere classified (province Level, in USD)","BADAN PUSAT STATISTIK - Statistics Indonesia, Unpublished statistics on Sub-National Trade"
TRAD.EXPT.CRUD,"Export: Crude materials, inedible, except fuels (province Level, in USD)","BADAN PUSAT STATISTIK - Statistics Indonesia, Unpublished statistics on Sub-National Trade"
TRAD.EXPT.FLVSK,"Export: Food and Live Animals (province Level, in USD)","BADAN PUSAT STATISTIK - Statistics Indonesia, Unpublished statistics on Sub-National Trade"
TRAD.EXPT.MTRN,"Export: Machinery and transport equipment (province Level, in USD)","BADAN PUSAT STATISTIK - Statistics Indonesia, Unpublished statistics on Sub-National Trade"
TRAD.EXPT.MANF,"Export: Manufactured goods, classified chiefly by material (province Level, in USD)","BADAN PUSAT STATISTIK - Statistics Indonesia, Unpublished statistics on Sub-National Trade"
TRAD.EXPT.FUEL,"Export: Mineral fuels, lubricants and related materials (province Level, in USD)","BADAN PUSAT STATISTIK - Statistics Indonesia, Unpublished statistics on Sub-National Trade"
TRAD.EXPT.MANF.OTHR,"Export: Miscellaneous manufactures articles (province Level, in USD)","BADAN PUSAT STATISTIK - Statistics Indonesia, Unpublished statistics on Sub-National Trade"
NE.GDI.STKB.CR,GDP expenditure on changes in stock (in IDR Million),BADAN PUSAT STATISTIK - Statistics Indonesia
NE.GDI.STKB.SNA08.CR,"GDP expenditure on changes in stock (in IDR Million), SNA 2008, Current Price",BADAN PUSAT STATISTIK - Statistics Indonesia
NE.GDI.EXPT.CR,GDP expenditure on exports (in IDR Million),BADAN PUSAT STATISTIK - Statistics Indonesia
NE.GDI.EXPT.SNA08.CR,"GDP expenditure on exports (in IDR Million), SNA 2008, Current Price",BADAN PUSAT STATISTIK - Statistics Indonesia
NE.GDI.CON.GOVT.CR,GDP expenditure on general government consumption (in IDR Million),BADAN PUSAT STATISTIK - Statistics Indonesia
NE.GDI.CON.GOVT.SNA08.CR,"GDP expenditure on general government consumption (in IDR Million), SNA 2008, Current Price",BADAN PUSAT STATISTIK - Statistics Indonesia
NE.GDI.FTOT.CR,GDP expenditure on gross fixed capital formation (in IDR Million),BADAN PUSAT STATISTIK - Statistics Indonesia
NE.GDI.FTOT.SNA08.CR,"GDP expenditure on gross fixed capital formation (in IDR Million), SNA 2008, Current Price",BADAN PUSAT STATISTIK - Statistics Indonesia
NE.GDI.IMPT.CR,GDP expenditure on imports (in IDR Million),BADAN PUSAT STATISTIK - Statistics Indonesia
NE.GDI.IMPT.SNA08.CR,"GDP expenditure on imports (in IDR Million), SNA 2008, Current Price",BADAN PUSAT STATISTIK - Statistics Indonesia
NE.GDI.INEX.SNA08.CR,"GDP expenditure on inter-region net exports (in IDR Million), SNA 2008, Current Price",
NE.GDI.CON.NPI.CR,GDP expenditure on non profit private institution consumption (in IDR Million),BADAN PUSAT STATISTIK - Statistics Indonesia
NE.GDI.CON.NPI.SNA08.CR,"GDP expenditure on non profit private institution consumption (in IDR Million), SNA 2008, Current Price",BADAN PUSAT STATISTIK - Statistics Indonesia
NE.GDI.CON.PRVT.CR,GDP expenditure on private consumption (in IDR Million),BADAN PUSAT STATISTIK - Statistics Indonesia
NE.GDI.CON.PRVT.SNA08.CR,"GDP expenditure on private consumption (in IDR Million), SNA 2008, Current Price",BADAN PUSAT STATISTIK - Statistics Indonesia
NA.GDP.ACC.FB.SNA08.KR,"GDP on Accommodation & Food Beverages Activity Sector (in IDR Million), SNA 2008, Constant Price",BADAN PUSAT STATISTIK - Statistics Indonesia
NA.GDP.ACC.FB.SNA08.CR,"GDP on Accommodation & Food Beverages Activity Sector (in IDR Million), SNA 2008, Current Price",BADAN PUSAT STATISTIK - Statistics Indonesia
NA.GDP.AGR.KR,"GDP on Agriculture Sector (in IDR Million), Constant Price",BADAN PUSAT STATISTIK - Statistics Indonesia
NA.GDP.AGR.CR,"GDP on Agriculture Sector (in IDR Million), Current Price",BADAN PUSAT STATISTIK - Statistics Indonesia
NA.GDP.AGR.SNA08.KR,"GDP on Agriculture, Forestry & Fisheries Sector (in IDR Million), SNA 2008, Constant Price",BADAN PUSAT STATISTIK - Statistics Indonesia
NA.GDP.AGR.SNA08.CR,"GDP on Agriculture, Forestry & Fisheries Sector (in IDR Million), SNA 2008, Current Price",BADAN PUSAT STATISTIK - Statistics Indonesia
NA.GDP.BUSS.SNA08.KR,"GDP on Business Services Sector (in IDR Million), SNA 2008, Constant Price",BADAN PUSAT STATISTIK - Statistics Indonesia
NA.GDP.BUSS.SNA08.CR,"GDP on Business Services Sector (in IDR Million), SNA 2008, Current Price",BADAN PUSAT STATISTIK - Statistics Indonesia
NA.GDP.CNST.KR,"GDP on Construction Sector (in IDR Million), Constant Price",BADAN PUSAT STATISTIK - Statistics Indonesia
NA.GDP.CNST.CR,"GDP on Construction Sector (in IDR Million), Current Price",BADAN PUSAT STATISTIK - Statistics Indonesia
NA.GDP.CNST.SNA08.KR,"GDP on Construction Sector (in IDR Million), SNA 2008, Constant Price",BADAN PUSAT STATISTIK - Statistics Indonesia
NA.GDP.CNST.SNA08.CR,"GDP on Construction Sector (in IDR Million), SNA 2008, Current Price",BADAN PUSAT STATISTIK - Statistics Indonesia
NA.GDP.EDUS.SNA08.KR,"GDP on Education Services Sector (in IDR Million), SNA 2008, Constant Price",BADAN PUSAT STATISTIK - Statistics Indonesia
NA.GDP.EDUS.SNA08.CR,"GDP on Education Services Sector (in IDR Million), SNA 2008, Current Price",BADAN PUSAT STATISTIK - Statistics Indonesia
NA.GDP.ELEC.GAS.SNA08.KR,"GDP on Electricity & Gas Supply Sector (in IDR Million), SNA 2008, Constant Price",BADAN PUSAT STATISTIK - Statistics Indonesia
NA.GDP.ELEC.GAS.SNA08.CR,"GDP on Electricity & Gas Supply Sector (in IDR Million), SNA 2008, Current Price",BADAN PUSAT STATISTIK - Statistics Indonesia
NA.GDP.FINS.SNA08.KR,"GDP on Financial & Insurance Activity Sector (in IDR Million), SNA 2008, Constant Price",BADAN PUSAT STATISTIK - Statistics Indonesia
NA.GDP.FINS.SNA08.CR,"GDP on Financial & Insurance Activity Sector (in IDR Million), SNA 2008, Current Price",BADAN PUSAT STATISTIK - Statistics Indonesia
NA.GDP.FINS.KR,"GDP on Financial Service Sector (in IDR Million), Constant Price",BADAN PUSAT STATISTIK - Statistics Indonesia
NA.GDP.FINS.CR,"GDP on Financial Service Sector (in IDR Million), Current Price",BADAN PUSAT STATISTIK - Statistics Indonesia
NA.GDP.HLTH.SOCW.SNA08.KR,"GDP on Human Health & Social Work Activity Sector (in IDR Million), SNA 2008, Constant Price",BADAN PUSAT STATISTIK - Statistics Indonesia
NA.GDP.HLTH.SOCW.SNA08.CR,"GDP on Human Health & Social Work Activity Sector (in IDR Million), SNA 2008, Current Price",BADAN PUSAT STATISTIK - Statistics Indonesia
NA.GDP.INF.COMM.SNA08.KR,"GDP on Information & Communication Sector (in IDR Million), SNA 2008, Constant Price",BADAN PUSAT STATISTIK - Statistics Indonesia
NA.GDP.INF.COMM.SNA08.CR,"GDP on Information & Communication Sector (in IDR Million), SNA 2008, Current Price",BADAN PUSAT STATISTIK - Statistics Indonesia
NA.GDP.MNF.SNA08.KR,"GDP on Manufacturing Industry Sector (in IDR Million), SNA 2008, Constant Price",BADAN PUSAT STATISTIK - Statistics Indonesia
NA.GDP.MNF.SNA08.CR,"GDP on Manufacturing Industry Sector (in IDR Million), SNA 2008, Current Price",BADAN PUSAT STATISTIK - Statistics Indonesia
NA.GDP.MNF.KR,"GDP on Manufacturing Sector (in IDR Million), Constant Price",BADAN PUSAT STATISTIK - Statistics Indonesia
NA.GDP.MNF.CR,"GDP on Manufacturing Sector (in IDR Million), Current Price",BADAN PUSAT STATISTIK - Statistics Indonesia
NA.GDP.MINQ.SNA08.KR,"GDP on Mining & Quarrying Sector (in IDR Million), SNA 2008, Constant Price",BADAN PUSAT STATISTIK - Statistics Indonesia
NA.GDP.MINQ.SNA08.CR,"GDP on Mining & Quarrying Sector (in IDR Million), SNA 2008, Current Price",BADAN PUSAT STATISTIK - Statistics Indonesia
NA.GDP.MINQ.KR,"GDP on Mining and Quarrying Sector (in IDR Million), Constant Price",BADAN PUSAT STATISTIK - Statistics Indonesia
NA.GDP.MINQ.CR,"GDP on Mining and Quarrying Sector (in IDR Million), Current Price",BADAN PUSAT STATISTIK - Statistics Indonesia
NA.GDP.SRV.OTHR.KR,"GDP on Other Service Sector (in IDR Million), Constant Price",BADAN PUSAT STATISTIK - Statistics Indonesia
NA.GDP.SRV.OTHR.CR,"GDP on Other Service Sector (in IDR Million), Current Price",BADAN PUSAT STATISTIK - Statistics Indonesia
NA.GDP.SRV.OTHR.SNA08.KR,"GDP on Other Services Sector (in IDR Million), SNA 2008, Constant Price",BADAN PUSAT STATISTIK - Statistics Indonesia
NA.GDP.SRV.OTHR.SNA08.CR,"GDP on Other Services Sector (in IDR Million), SNA 2008, Current Price",BADAN PUSAT STATISTIK - Statistics Indonesia
NA.GDP.PADM.DEF.SNA08.KR,"GDP on Public Administration, Defense & Compulsory Social Security Sector (in IDR Million), SNA 2008, Constant Price",BADAN PUSAT STATISTIK - Statistics Indonesia
NA.GDP.PADM.DEF.SNA08.CR,"GDP on Public Administration, Defense & Compulsory Social Security Sector (in IDR Million), SNA 2008, Current Price",BADAN PUSAT STATISTIK - Statistics Indonesia
NA.GDP.REST.SNA08.KR,"GDP on Real Estate Sector (in IDR Million), SNA 2008, Constant Price",BADAN PUSAT STATISTIK - Statistics Indonesia
NA.GDP.REST.SNA08.CR,"GDP on Real Estate Sector (in IDR Million), SNA 2008, Current Price",BADAN PUSAT STATISTIK - Statistics Indonesia
NA.GDP.TRD.HTL.KR,"GDP on Trade, Hotel and Restaurant Sector (in IDR Million), Constant Price",BADAN PUSAT STATISTIK - Statistics Indonesia
NA.GDP.TRD.HTL.CR,"GDP on Trade, Hotel and Restaurant Sector (in IDR Million), Current Price",BADAN PUSAT STATISTIK - Statistics Indonesia
NA.GDP.TRAN.STOR.SNA08.KR,"GDP on Transportation & Storage Sector (in IDR Million), SNA 2008, Constant Price",BADAN PUSAT STATISTIK - Statistics Indonesia
NA.GDP.TRAN.STOR.SNA08.CR,"GDP on Transportation & Storage Sector (in IDR Million), SNA 2008, Current Price",BADAN PUSAT STATISTIK - Statistics Indonesia
NA.GDP.TRAN.COMM.KR,"GDP on Transportation and Telecommunication Sector (in IDR Million), Constant Price",BADAN PUSAT STATISTIK - Statistics Indonesia
NA.GDP.TRAN.COMM.CR,"GDP on Transportation and Telecommunication Sector (in IDR Million), Current Price",BADAN PUSAT STATISTIK - Statistics Indonesia
NA.GDP.UTL.KR,"GDP on Utilities Sector (in IDR Million), Constant Price",BADAN PUSAT STATISTIK - Statistics Indonesia
NA.GDP.UTL.CR,"GDP on Utilities Sector (in IDR Million), Current Price",BADAN PUSAT STATISTIK - Statistics Indonesia
NA.GDP.WTR.WST.SNA08.KR,"GDP on Water Supply, Sewerage, Waste & Recycling Management Sector (in IDR Million), SNA 2008, Constant Price",BADAN PUSAT STATISTIK - Statistics Indonesia
NA.GDP.WTR.WST.SNA08.CR,"GDP on Water Supply, Sewerage, Waste & Recycling Management Sector (in IDR Million), SNA 2008, Current Price",BADAN PUSAT STATISTIK - Statistics Indonesia
NA.GDP.TRD.SNA08.KR,"GDP on Wholesales & Retail Trade, Repair of Motor Vehicles & Motorcycles Sector (in IDR Million), SNA 2008, Constant Price",BADAN PUSAT STATISTIK - Statistics Indonesia
NA.GDP.TRD.SNA08.CR,"GDP on Wholesales & Retail Trade, Repair of Motor Vehicles & Motorcycles Sector (in IDR Million), SNA 2008, Current Price",BADAN PUSAT STATISTIK - Statistics Indonesia
IDX.HDI,Human Development Index,"BADAN PUSAT STATISTIK - Statistics Indonesia, National Social Economic Survey (SUSENAS)"
IDX.HDI.REV,"Human Development Index, revised method",BADAN PUSAT STATISTIK - Statistics Indonesia
TRAD.IMPT.BVTO,"Import: Beverages and tobacco (province Level, in USD)","BADAN PUSAT STATISTIK - Statistics Indonesia, Unpublished statistics on Sub-National Trade"
TRAD.IMPT.CHEM,"Import: Chemical and related products, nes (province Level, in USD)","BADAN PUSAT STATISTIK - Statistics Indonesia, Unpublished statistics on Sub-National Trade"
TRAD.IMPT.OTHR,"Import: Commodities and transaction not elsewhere classified (province Level, in USD)","BADAN PUSAT STATISTIK - Statistics Indonesia, Unpublished statistics on Sub-National Trade"
TRAD.IMPT.CRUD,"Import: Crude materials, inedible, except fuels (province Level, in USD)","BADAN PUSAT STATISTIK - Statistics Indonesia, Unpublished statistics on Sub-National Trade"
TRAD.IMPT.FLVSK,"Import: Food and Live Animals (province Level, in USD)","BADAN PUSAT STATISTIK - Statistics Indonesia, Unpublished statistics on Sub-National Trade"
TRAD.IMPT.MTRN,"Import: Machinery and transport equipment (province Level, in USD)","BADAN PUSAT STATISTIK - Statistics Indonesia, Unpublished statistics on Sub-National Trade"
TRAD.IMPT.MANF,"Import: Manufactured goods, classified chiefly by material (province Level, in USD)","BADAN PUSAT STATISTIK - Statistics Indonesia, Unpublished statistics on Sub-National Trade"
TRAD.IMPT.FUEL,"Import: Mineral fuels, lubricants and related materials (province Level, in USD)","BADAN PUSAT STATISTIK - Statistics Indonesia, Unpublished statistics on Sub-National Trade"
TRAD.IMPT.MANF.OTHR,"Import: Miscellaneous manufactures articles (province Level, in USD)","BADAN PUSAT STATISTIK - Statistics Indonesia, Unpublished statistics on Sub-National Trade"
FC.XPD.INFR.CR,Infrastructure function expenditure (in IDR),"Ministry of Finance, SIKD (Information System for Sub-National Budget)"
SL.EMP.AGR.FRST.FSH,"Number of people employed in agriculture, forestry and fishery","BADAN PUSAT STATISTIK - Statistics Indonesia, Labor Survey (SAKERNAS)"
SL.EMP.CNST,Number of people employed in construction sector,"BADAN PUSAT STATISTIK - Statistics Indonesia, Labor Survey (SAKERNAS)"
SL.EMP.ELC,Number of people employed in electricity and utilities sector,"BADAN PUSAT STATISTIK - Statistics Indonesia, Labor Survey (SAKERNAS)"
SL.EMP.FINS,Number of people employed in financial services sector,"BADAN PUSAT STATISTIK - Statistics Indonesia, Labor Survey (SAKERNAS)"
SL.EMP.IND,Number of people employed in industrial sector,"BADAN PUSAT STATISTIK - Statistics Indonesia, Labor Survey (SAKERNAS)"
SL.EMP.MINQ,Number of people employed in mining and quarrying sector,"BADAN PUSAT STATISTIK - Statistics Indonesia, Labor Survey (SAKERNAS)"
SL.EMP.SOCL,Number of people employed in social services sector,"BADAN PUSAT STATISTIK - Statistics Indonesia, Labor Survey (SAKERNAS)"
SL.EMP.TRAD,"Number of people employed in trade, hotel and restaurant sector","BADAN PUSAT STATISTIK - Statistics Indonesia, Labor Survey (SAKERNAS)"
SL.EMP.TRAN,Number of people employed in transportation and telecommunication sector,"BADAN PUSAT STATISTIK - Statistics Indonesia, Labor Survey (SAKERNAS)"
SL.TLF,Number of people in labor force,"BADAN PUSAT STATISTIK - Statistics Indonesia, Labor Survey (SAKERNAS)"
SI.POV.BPL,Number of people live below the poverty line (in number of people),BADAN PUSAT STATISTIK - Statistics Indonesia
PALM.LND.TOTL,Palm Oil Land Area: Total (in Hectares),"Ministry of Agriculture, Tree Crop Estate Statistics of Indonesia for Oil Palm"
PALM.PRD.TOTL,Palm Production: Total (in Tons),"Ministry of Agriculture, Tree Crop Estate Statistics of Indonesia for Oil Palm"
SP.RUR.TOTL.ZS,Percentage of Population in Rural Areas (in % of Total Population),BADAN PUSAT STATISTIK - Statistics Indonesia
SP.URB.TOTL.ZS,Percentage of Population in Urban Areas (in % of Total Population),BADAN PUSAT STATISTIK - Statistics Indonesia
SI.POV.NAPR.ZS,Poverty Rate (in % of population),BADAN PUSAT STATISTIK - Statistics Indonesia
SI.POV.NSEV,Poverty Severity (index),BADAN PUSAT STATISTIK - Statistics Indonesia
FC.XPD.RELG.CR,Religious function expenditure (in IDR),"Ministry of Finance, SIKD (Information System for Sub-National Budget)"
NE.GDI.TOTL.CR,Total GDP based on expenditure (in IDR Million),BADAN PUSAT STATISTIK - Statistics Indonesia
NE.GDI.TOTL.SNA08.CR,"Total GDP based on expenditure (in IDR Million), SNA 2008, Current Price",BADAN PUSAT STATISTIK - Statistics Indonesia
DAK.INFR.CR,Total Specific Allocation Grant for Infrastructure (in IDR Billion),"Ministry of Finance, Ministry of Finance Regulation"
